url,source,title,title_length,description,desc_length,rendered_title,html_exists,title_mismatch,robots,canonical,impressions,clicks,ctr_pct,position,issues,priority
https://ailearnings.in/blog/open-source-llms-guide/,blog/open-source-llms-guide.md,"Best Open Source LLMs 2026: Llama 3, Mistral & Gemma Compared",61,"Compare Llama 3.1, Mistral 7B, Gemma, and Phi-3 — then run any of them locally in minutes with Ollama. No cloud API costs.",122,"Best Open Source LLMs 2026: Llama 3, Mistral &amp; Gemma Compared | AI Learning Hub",true,false,,https://ailearnings.in/blog/open-source-llms-guide/,514,1,0.19,8.4,low_ctr,1026
https://ailearnings.in/blog/prompt-engineering-techniques/,blog/prompt-engineering-techniques.md,17 Prompt Engineering Techniques for Production (2026),54,"Zero-shot, few-shot, chain-of-thought, self-consistency, RAG prompting — 17 techniques with Python code and real production examples.",133,17 Prompt Engineering Techniques for Production (2026) | AI Learning Hub,true,false,,https://ailearnings.in/blog/prompt-engineering-techniques/,992,1,0.10,15.0,low_ctr,991
https://ailearnings.in/openai-api-tutorial/,standalone,OpenAI API Tutorial (2026): Zero to Working App in 30 Min,57,Get your API key and make your first Python chat completion. Copy-paste code — from zero to a working AI app in under 30 minutes.,129,OpenAI API Tutorial (2026): Zero to Working App in 30 Min,true,false,"index, follow",https://ailearnings.in/openai-api-tutorial/,355,0,0.00,6.6,low_ctr,710
https://ailearnings.in/blog/rag-evaluation/,blog/rag-evaluation.md,RAG Evaluation with RAGAS (2026): 4 Key Metrics Explained,57,"Your RAG pipeline hallucinates in production? Measure it with RAGAS — faithfulness, answer relevancy, context precision & recall — with Python code.",148,RAG Evaluation with RAGAS (2026): 4 Key Metrics Explained | AI Learning Hub,true,false,,https://ailearnings.in/blog/rag-evaluation/,562,0,0.00,11.8,low_ctr,562
https://ailearnings.in/blog/multi-document-rag/,blog/multi-document-rag.md,Multi-Document RAG (2026): Search 100+ Sources Accurately,57,"Stop getting wrong answers from flat vector stores. Learn routing, namespace filtering, and cross-document fusion for RAG across 100+ documents.",144,Multi-Document RAG (2026): Search 100+ Sources Accurately | AI Learning Hub,true,false,,https://ailearnings.in/blog/multi-document-rag/,175,0,0.00,8.6,low_ctr,350
https://ailearnings.in/blog/openai-api-complete-guide/,blog/openai-api-complete-guide.md,"OpenAI API Complete Guide 2026: Chat, Embeddings & Streaming",60,"Master the OpenAI API — chat completions, function calling, embeddings, streaming, error handling, and cost optimization for production integrations.",149,"OpenAI API Complete Guide 2026: Chat, Embeddings &amp; Streaming | AI Learning Hub",true,false,,https://ailearnings.in/blog/openai-api-complete-guide/,169,1,0.59,8.4,low_ctr,336
https://ailearnings.in/langchain-tutorial/,standalone,LangChain Tutorial: Build LLM Apps in Python (2026),51,"Build RAG pipelines, AI agents, and LLM apps in Python with LangChain. Covers core concepts, a complete RAG example, and LangChain vs alternatives.",147,LangChain Tutorial: Build LLM Apps in Python (2026),true,false,"index, follow",https://ailearnings.in/langchain-tutorial/,110,0,0.00,7.9,low_ctr,220
https://ailearnings.in/blog/fine-tuning-llms-guide/,blog/fine-tuning-llms-guide.md,Fine-Tuning LLMs (2026): Instruction Tuning and LoRA Guide,58,"Full fine-tuning vs LoRA vs QLoRA — dataset prep, Hugging Face training, and avoiding pitfalls. The complete LLM fine-tuning guide for 2026.",140,Fine-Tuning LLMs (2026): Instruction Tuning and LoRA Guide | AI Learning Hub,true,false,,https://ailearnings.in/blog/fine-tuning-llms-guide/,212,4,1.89,38.9,,208
https://ailearnings.in/blog/ai-tools-for-developers/,blog/ai-tools-for-developers.md,Best AI Tools for Developers in 2026,36,Explore the best AI tools developers use to build modern AI applications.,73,Best AI Tools for Developers in 2026 | AI Learning Hub,true,false,,https://ailearnings.in/blog/ai-tools-for-developers/,93,1,1.08,8.4,,184
https://ailearnings.in/prep-plan/,standalone,AI Interview Prep Plan 2026 – 6-Week Fast Track,47,"6-week AI interview prep for developers. Cover LLMs, Prompt Engineering, RAG, and Agentic AI — 4–6 hours per week with free resources.",134,AI Interview Prep Plan 2026 – 6-Week Fast Track,true,false,"index, follow",https://ailearnings.in/prep-plan/,91,2,2.20,8.6,,178
https://ailearnings.in/prompt-eng/,gsc_only,,0,,0,Redirecting…,true,false,noindex,https://ailearnings.in/prompt-engineering/,141,3,2.13,59.7,title_too_short | no_year,138
https://ailearnings.in/projects/ai-resume-analyzer/,projects/ai-resume-analyzer.md,Build an AI Resume Analyzer (2026): Score & Critique Resumes,60,"Build a tool that analyzes resumes against job descriptions, scores fit, identifies gaps, and suggests specific improvements using GPT-4o-mini.",143,Build an AI Resume Analyzer (2026): Score &amp; Critique Resumes | AI Learning Hub,true,false,,https://ailearnings.in/projects/ai-resume-analyzer/,58,1,1.72,6.6,,114
https://ailearnings.in/,gsc_only,,0,,0,AI Learning Roadmap 2026: Become an AI Engineer (Free Guide),true,false,"index, follow",https://ailearnings.in/,58,3,5.17,3.9,title_too_short | no_year,110
https://ailearnings.in/resources/,standalone,Best Free AI Learning Resources 2026 — Curated by Phase,55,"Free books, courses, and references for every phase of the AI roadmap — from ML basics to LLMs, RAG, and Agentic AI.",116,Best Free AI Learning Resources 2026 — Curated by Phase,true,false,"index, follow",https://ailearnings.in/resources/,51,0,0.00,8.5,low_ctr,102
https://ailearnings.in/projects/ai-content-moderator/,projects/ai-content-moderator.md,Build an AI Content Moderator (2026): Filter Harmful Content,60,"Build a content moderation system for toxicity, hate speech, spam, and policy violations — with a review queue and confidence thresholds.",137,Build an AI Content Moderator (2026): Filter Harmful Content | AI Learning Hub,true,false,,https://ailearnings.in/projects/ai-content-moderator/,47,0,0.00,7.9,low_ctr,94
https://ailearnings.in/blog/roadmap-guides/python-for-ai-complete-guide/,blog/roadmap-guides/python-for-ai-complete-guide.md,Python for AI Developers (2026): Setup & Essential Libraries,60,"Set up a Python AI dev environment — virtual environments, NumPy, pandas, OpenAI SDK, Jupyter notebooks, and common patterns for AI projects.",141,Python for AI Developers (2026): Setup &amp; Essential Libraries | AI Learning Hub,true,false,,https://ailearnings.in/blog/roadmap-guides/python-for-ai-complete-guide/,42,2,4.76,8.5,,80
https://ailearnings.in/blog/document-chunking-strategies/,blog/document-chunking-strategies.md,Document Chunking Strategies for RAG (2026),43,"Best chunking strategies for RAG — fixed, sentence, semantic, and hierarchical splitting. Benchmarks and Python code for each approach.",135,Document Chunking Strategies for RAG (2026) | AI Learning Hub,true,false,,https://ailearnings.in/blog/document-chunking-strategies/,70,0,0.00,26.0,low_ctr,70
https://ailearnings.in/readiness/,standalone,AI Learning Readiness Checker – Know When to Level Up (2026),60,"Know when to advance on your AI roadmap. Check green flags, red flags, and move-on rules for all 7 phases — from ML basics to Agentic AI.",137,AI Learning Readiness Checker – Know When to Level Up (2026),true,false,"index, follow",https://ailearnings.in/readiness/,31,0,0.00,9.5,low_ctr,62
https://ailearnings.in/blog/prompt-engineering-guide/,blog/prompt-engineering-guide.md,Prompt Engineering Guide for Developers (2026),46,"A practical prompt engineering guide for developers. Learn techniques, patterns, and production best practices for working with modern LLMs in 2026.",148,Prompt Engineering Guide for Developers (2026) | AI Learning Hub,true,false,,https://ailearnings.in/blog/prompt-engineering-guide/,59,0,0.00,12.1,low_ctr,59
https://ailearnings.in/blog/roadmap-guides/deep-learning-fundamentals/,blog/roadmap-guides/deep-learning-fundamentals.md,"Deep Learning Fundamentals 2026: CNNs, RNNs & Transformers",58,"CNNs, RNNs, and how their limits led to the transformer revolution. Understand the deep learning architectures that shaped modern AI.",133,"Deep Learning Fundamentals 2026: CNNs, RNNs &amp; Transformers | AI Learning Hub",true,false,,https://ailearnings.in/blog/roadmap-guides/deep-learning-fundamentals/,28,1,3.57,9.3,,54
https://ailearnings.in/assessment/,standalone,AI Engineer Skill Assessment (2026): What You'll Know,53,Honest breakdown of what you can build after the AI roadmap — which gaps remain and next steps for growing as an AI engineer.,125,AI Engineer Skill Assessment (2026): What You'll Know,true,false,"index, follow",https://ailearnings.in/assessment/,25,0,0.00,4.6,low_ctr,50
https://ailearnings.in/blog/machine-learning-basics-for-developers/,blog/machine-learning-basics-for-developers.md,Machine Learning Basics for Developers (2026),45,"A developer-first introduction to machine learning — core concepts, types of ML, hands-on Python workflow, and how to go from data to a working model.",150,Machine Learning Basics for Developers (2026) | AI Learning Hub,true,false,,https://ailearnings.in/blog/machine-learning-basics-for-developers/,22,2,9.09,9.7,,40
https://ailearnings.in/beyond-roadmap/,standalone,Beyond the AI Roadmap – Advanced AI Topics & Knowledge Gaps,59,"Finished the AI roadmap? Explore advanced topics, specialization gaps, and next steps for senior AI engineers.",110,Beyond the AI Roadmap – Advanced AI Topics & Knowledge Gaps,true,false,"index, follow",https://ailearnings.in/beyond-roadmap/,30,0,0.00,11.2,no_year | low_ctr,30
https://ailearnings.in/genai-guide/,standalone,"Generative AI Guide 2026 — LLMs, Images, Audio & Code",53,"Learn how LLMs, image generation, audio synthesis, and code generation work. Top models, tools, and a learning roadmap for AI engineers.",136,"Generative AI Guide 2026 — LLMs, Images, Audio & Code",true,false,"index, follow",https://ailearnings.in/genai-guide/,26,0,0.00,14.6,low_ctr,26
https://ailearnings.in/blog/supervised-learning-guide/,blog/supervised-learning-guide.md,Supervised Learning Guide 2026: Algorithms & Best Practices,59,"Regression and classification algorithms, evaluation metrics, cross-validation, and how to pick the right model for your problem.",129,Supervised Learning Guide 2026: Algorithms &amp; Best Practices | AI Learning Hub,true,false,,https://ailearnings.in/blog/supervised-learning-guide/,13,1,7.69,11.2,,12
https://ailearnings.in/paths/ai-engineer/,paths/ai-engineer.md,AI Engineer Learning Path 2026,30,"A complete roadmap to becoming an AI Engineer — the generalist role that designs, builds, and ships AI-powered applications and systems in production.",150,AI Engineer Learning Path 2026 | AI Learning Hub,true,false,"index, follow",https://ailearnings.in/paths/ai-engineer/,8,0,0.00,19.1,,8
https://ailearnings.in/blog/,standalone,AI Engineering Blog 2026 — Guides & Tutorials,45,"AI engineering tutorials for developers. Learn LLMs, RAG, prompt engineering, and agentic AI with practical hands-on guides.",124,AI Engineering Blog 2026 — Guides & Tutorials,true,false,"index, follow",https://ailearnings.in/blog/,3,0,0.00,8.0,,6
https://ailearnings.in/blog/rag-vs-finetuning/,blog/rag-vs-finetuning.md,RAG vs Fine-Tuning (2026): When to Use Each,43,"When to use RAG vs fine-tuning — compare cost, latency, accuracy, and maintenance for each approach with real engineering examples.",131,RAG vs Fine-Tuning (2026): When to Use Each | AI Learning Hub,true,false,,https://ailearnings.in/blog/rag-vs-finetuning/,4,0,0.00,20.0,,4
https://ailearnings.in/blog/roadmap-guides/statistics-for-machine-learning/,blog/roadmap-guides/statistics-for-machine-learning.md,Statistics for Machine Learning (2026): Key Concepts,52,"Probability distributions, Bayes' theorem, hypothesis testing, and interpreting model metrics — the stats that actually matter for ML.",134,Statistics for Machine Learning (2026): Key Concepts | AI Learning Hub,true,false,,https://ailearnings.in/blog/roadmap-guides/statistics-for-machine-learning/,3,0,0.00,19.7,,3
https://ailearnings.in/prompt-engineering/,standalone,Prompt Engineering Guide 2026 – 15 Techniques & Templates,57,"Master prompt engineering with 15 techniques: zero-shot, few-shot, chain-of-thought, tree-of-thoughts, and more. Copy-paste templates for coding, writing, and research — a key skill on every AI engineer roadmap.",211,Prompt Engineering Guide 2026 – 15 Techniques & Templates,true,false,"index, follow",https://ailearnings.in/prompt-engineering/,0,0,0.00,0.0,desc_too_long,0
https://ailearnings.in/ai-roadmap-for-developers/,standalone,AI Roadmap 2026: Complete Guide for Developers,46,"Follow the complete AI roadmap for developers in 2026. Our step-by-step guide covers 7 phases — from AI foundations to LLMs, RAG, Prompt Engineering, and Agentic AI — with free resources and project milestones.",210,AI Roadmap 2026: Complete Guide for Developers,true,false,"index, follow",https://ailearnings.in/ai-roadmap-for-developers/,0,0,0.00,0.0,desc_too_long,0
https://ailearnings.in/ai-engineering-roadmap/,standalone,AI Engineering Roadmap 2026 – Learn AI Step by Step,51,"A complete roadmap to becoming an AI engineer. Learn AI step by step with projects, tools, and real-world skills. 7 phases from foundations to shipping production AI.",166,AI Engineering Roadmap 2026 – Learn AI Step by Step,true,false,"index, follow",https://ailearnings.in/ai-engineering-roadmap/,0,0,0.00,0.0,desc_too_long,0
https://ailearnings.in/llm-roadmap/,standalone,LLM Roadmap 2026: Learn Large Language Models from Scratch,58,"The complete LLM roadmap for developers in 2026. Learn how large language models work, how to use them via APIs, fine-tune them with LoRA, and build RAG and agentic AI applications from scratch.",194,LLM Roadmap 2026: Learn Large Language Models from Scratch,true,false,"index, follow",https://ailearnings.in/llm-roadmap/,0,0,0.00,0.0,desc_too_long,0
https://ailearnings.in/rag-tutorial/,standalone,RAG Tutorial 2026: Build Retrieval-Augmented Generation Step by Step,68,"Complete RAG tutorial for developers in 2026. Learn to build a Retrieval-Augmented Generation pipeline from scratch — document ingestion, vector embeddings, semantic search, and LLM generation with LangChain and ChromaDB.",221,RAG Tutorial 2026: Build Retrieval-Augmented Generation Step by Step,true,false,"index, follow",https://ailearnings.in/rag-tutorial/,0,0,0.00,0.0,title_too_long | desc_too_long,0
https://ailearnings.in/machine-learning-roadmap/,standalone,Machine Learning Roadmap 2026: From Beginner to AI Engineer,59,"The complete machine learning roadmap for 2026. Go from absolute beginner to AI engineer — covering Python, math fundamentals, classical ML, deep learning, LLMs, and real-world ML projects with free resources.",209,Machine Learning Roadmap 2026: From Beginner to AI Engineer,true,false,"index, follow",https://ailearnings.in/blog/machine-learning-roadmap/,0,0,0.00,0.0,desc_too_long,0
https://ailearnings.in/ai-projects/,standalone,AI Projects for Developers 2026: 10 Hands-On Ideas with Code,60,"10 hands-on AI project ideas for developers in 2026 — from beginner to advanced. Build a RAG chatbot, AI agent, fine-tuned LLM, and more. Each project includes tech stack, learning outcomes, and free resources.",210,AI Projects for Developers 2026: 10 Hands-On Ideas with Code,true,false,"index, follow",https://ailearnings.in/ai-projects/,0,0,0.00,0.0,desc_too_long,0
https://ailearnings.in/projects/,standalone,AI Projects for Developers 2026 – 20 Hands-On Builds | AI Learning Hub,70,"20 hands-on AI project guides for developers — beginner to advanced. Build chatbots, RAG systems, AI agents, and real-world AI applications with step-by-step instructions.",171,AI Projects for Developers 2026 – 20 Hands-On Builds | AI Learning Hub,true,false,"index, follow",https://ailearnings.in/projects/,0,0,0.00,0.0,title_too_long | desc_too_long,0
https://ailearnings.in/paths/,standalone,AI Engineering Learning Paths | AI Learning Hub,47,"Structured learning paths for AI engineers, ML engineers, LLM engineers, and AI researchers. Find the right roadmap for your career goal.",137,AI Engineering Learning Paths | AI Learning Hub,true,false,"index, follow",https://ailearnings.in/paths/,0,0,0.00,0.0,no_year,0
https://ailearnings.in/how-long-to-learn-ai/,standalone,How Long Does It Take to Learn AI? (2026 Honest Guide),54,Honest answer: 3–12 months depending on your background. Python developers can be job-ready in 3–4 months. Non-programmers need 8–12 months. See the month-by-month breakdown and tips to learn faster.,199,How Long Does It Take to Learn AI? (2026 Honest Guide),true,false,"index, follow",https://ailearnings.in/how-long-to-learn-ai/,0,0,0.00,0.0,desc_too_long,0
https://ailearnings.in/do-you-need-math-for-ai/,standalone,Do You Need Math for AI? What Actually Matters in 2026,54,"Short answer: less than you think to get started. See which math topics matter for AI, when you can skip them, and what you can build without deep math knowledge.",162,Do You Need Math for AI? What Actually Matters in 2026,true,false,"index, follow",https://ailearnings.in/do-you-need-math-for-ai/,0,0,0.00,0.0,desc_too_long,0
https://ailearnings.in/best-language-for-ai/,standalone,Best Programming Language for AI in 2026 (Python vs Others),59,"Python dominates AI in 2026 — by a landslide. Learn why Python wins, when JavaScript makes sense, and exactly which Python libraries you need for AI development.",161,Best Programming Language for AI in 2026 (Python vs Others),true,false,"index, follow",https://ailearnings.in/best-language-for-ai/,0,0,0.00,0.0,desc_too_long,0
https://ailearnings.in/ollama-local-llm-guide/,standalone,Ollama Guide: Run LLMs Locally in 2026 (Setup + Best Models),60,"Run Llama, Mistral, Gemma, and Qwen locally for free with Ollama. Step-by-step setup for Mac/Linux/Windows, best models by hardware, Python integration, and Open WebUI browser interface.",186,Ollama Guide: Run LLMs Locally in 2026 (Setup + Best Models),true,false,"index, follow",https://ailearnings.in/ollama-local-llm-guide/,0,0,0.00,0.0,desc_too_long,0
https://ailearnings.in/blog/advanced-prompt-engineering/,blog/advanced-prompt-engineering.md,"Advanced Prompt Engineering: ReAct, Tree of Thought & Agent Patterns (2026)",75,"Master advanced prompt engineering techniques — ReAct, plan-and-solve, Tree of Thought, self-critique, meta-prompting, and prompt ensembling. Patterns used in production AI agents and multi-step workflows.",205,"Advanced Prompt Engineering: ReAct, Tree of Thought &amp; Agent Patterns (2026) | AI Learning Hub",true,false,,https://ailearnings.in/blog/advanced-prompt-engineering/,0,0,0.00,0.0,title_too_long | desc_too_long,0
https://ailearnings.in/blog/agent-evaluation/,blog/agent-evaluation.md,"How to Evaluate AI Agents: Metrics, Frameworks & Testing Patterns (2026)",72,"Learn how to evaluate LLM agents using task success rate, trajectory quality, and tool use accuracy. Includes Python evaluation harness and LangSmith tracing.",158,"How to Evaluate AI Agents: Metrics, Frameworks &amp; Testing Patterns (2026) | AI Learning Hub",true,false,,https://ailearnings.in/blog/agent-evaluation/,0,0,0.00,0.0,title_too_long | desc_too_long,0
https://ailearnings.in/blog/agent-framework-comparison/,blog/agent-framework-comparison.md,LangGraph vs AutoGen vs CrewAI: AI Agent Framework Comparison (2026),68,"Compare LangGraph, AutoGen, and CrewAI agent frameworks on control, ease of use, multi-agent support, and production readiness with code examples.",146,LangGraph vs AutoGen vs CrewAI: AI Agent Framework Comparison (2026) | AI Learning Hub,true,false,,https://ailearnings.in/blog/agent-framework-comparison/,0,0,0.00,0.0,title_too_long,0
https://ailearnings.in/blog/agent-memory/,blog/agent-memory.md,"Agent Memory Systems: Short-Term, Long-Term & Episodic Memory for LLM Agents",76,"Understand short-term, long-term, and episodic memory in LLM agents. Learn how to implement each memory type in Python with LangChain and vector stores.",152,"Agent Memory Systems: Short-Term, Long-Term &amp; Episodic Memory for LLM Agents | AI Learning Hub",true,false,,https://ailearnings.in/blog/agent-memory/,0,0,0.00,0.0,title_too_long | no_year,0
https://ailearnings.in/blog/agent-planning/,blog/agent-planning.md,"LLM Agent Planning: ReAct, Tree of Thought & Hierarchical Planning (2026)",73,"Master LLM agent planning strategies including ReAct, Tree of Thought, and hierarchical planning. Includes runnable Python code for each planning pattern.",154,"LLM Agent Planning: ReAct, Tree of Thought &amp; Hierarchical Planning (2026) | AI Learning Hub",true,false,,https://ailearnings.in/blog/agent-planning/,0,0,0.00,0.0,title_too_long,0
https://ailearnings.in/blog/agent-tools/,blog/agent-tools.md,"AI Agent Tool Use: How to Give LLMs Access to APIs, Code & Search (2026)",72,"Learn how to give LLM agents access to APIs, code execution, and web search. Includes Python examples for building custom tools with LangChain and OpenAI functions.",164,"AI Agent Tool Use: How to Give LLMs Access to APIs, Code &amp; Search (2026) | AI Learning Hub",true,false,,https://ailearnings.in/blog/agent-tools/,0,0,0.00,0.0,title_too_long | desc_too_long,0
https://ailearnings.in/blog/ai-agent-architecture/,blog/ai-agent-architecture.md,AI Agent Architecture: Design Patterns for Production LLM Agents (2026),71,"Explore AI agent architecture patterns for production LLM systems. Learn perception, memory, planning, and tool components with Python code and design diagrams.",160,AI Agent Architecture: Design Patterns for Production LLM Agents (2026) | AI Learning Hub,true,false,,https://ailearnings.in/blog/ai-agent-architecture/,0,0,0.00,0.0,title_too_long | desc_too_long,0
https://ailearnings.in/blog/ai-agent-fundamentals/,blog/ai-agent-fundamentals.md,"AI Agent Fundamentals: How LLM Agents Think, Plan, and Act",58,"Learn the building blocks of AI agents — ReAct loops, tool use, planning, memory, and multi-agent coordination. Includes hands-on examples with LangChain and OpenAI.",165,"AI Agent Fundamentals: How LLM Agents Think, Plan, and Act | AI Learning Hub",true,false,,https://ailearnings.in/blog/ai-agent-fundamentals/,0,0,0.00,0.0,desc_too_long | no_year,0
https://ailearnings.in/blog/ai-agents-guide/,blog/ai-agents-guide.md,AI Agents Guide: Architecture and Design Patterns,49,"Complete guide to AI agent architecture — perception, planning, memory, tool use, and execution loops for senior engineers building production systems.",151,AI Agents Guide: Architecture and Design Patterns | AI Learning Hub,true,false,,https://ailearnings.in/blog/ai-agents-guide/,0,0,0.00,0.0,no_year,0
https://ailearnings.in/blog/ai-agents-tutorial/,blog/ai-agents-tutorial.md,Build Your First AI Agent in Python: Step-by-Step Tutorial (2026),65,"Step-by-step Python tutorial to build your first AI agent from scratch using LangChain. Covers ReAct loop, tool calling, and memory — with full runnable code.",158,Build Your First AI Agent in Python: Step-by-Step Tutorial (2026) | AI Learning Hub,true,false,,https://ailearnings.in/blog/ai-agents-tutorial/,0,0,0.00,0.0,desc_too_long,0
https://ailearnings.in/blog/ai-application-architecture/,blog/ai-application-architecture.md,AI Application Architecture: Designing Production-Ready LLM Systems,67,"Architectural patterns for production AI applications — prompt management, context windows, fallback strategies, observability, cost control, and testing LLM systems.",166,AI Application Architecture: Designing Production-Ready LLM Systems | AI Learning Hub,true,false,,https://ailearnings.in/blog/ai-application-architecture/,0,0,0.00,0.0,title_too_long | desc_too_long | no_year,0
https://ailearnings.in/blog/ai-learning-roadmap/,blog/ai-learning-roadmap.md,AI Learning Roadmap for Developers (2026),41,A step-by-step roadmap for developers to learn AI and build AI applications.,76,AI Learning Roadmap for Developers (2026) | AI Learning Hub,true,false,,https://ailearnings.in/blog/ai-learning-roadmap/,0,0,0.00,0.0,,0
https://ailearnings.in/blog/ai-roadmap-for-developers/,blog/ai-roadmap-for-developers.md,AI Roadmap for Developers 2026: The Complete Learning Path,58,The definitive AI learning roadmap for software developers in 2026. Follow 7 phases from AI foundations to building and shipping real AI projects — with free resources and milestone projects.,191,AI Roadmap for Developers 2026: The Complete Learning Path | AI Learning Hub,true,false,,https://ailearnings.in/blog/ai-roadmap-for-developers/,0,0,0.00,0.0,desc_too_long,0
https://ailearnings.in/blog/ann-algorithms/,blog/ann-algorithms.md,Approximate Nearest Neighbor Algorithms Explained,49,"How ANN algorithms work — HNSW, IVF, ScaNN, and PQ explained with code, benchmarks, and tradeoffs for building fast vector search at scale.",139,Approximate Nearest Neighbor Algorithms Explained | AI Learning Hub,true,false,,https://ailearnings.in/blog/ann-algorithms/,0,0,0.00,0.0,no_year,0
https://ailearnings.in/blog/anthropic-api-tutorial/,blog/anthropic-api-tutorial.md,Anthropic Claude API Tutorial: Complete Developer Guide (2026),62,"Complete guide to the Anthropic Claude API in Python. Covers Messages API, streaming, tool use, vision, and system prompts with runnable code examples.",151,Anthropic Claude API Tutorial: Complete Developer Guide (2026) | AI Learning Hub,true,false,,https://ailearnings.in/blog/anthropic-api-tutorial/,0,0,0.00,0.0,,0
https://ailearnings.in/blog/api-vs-local-llm/,blog/api-vs-local-llm.md,"LLM API vs Running Locally: Cost, Latency & Privacy Trade-offs (2026)",69,"Compare LLM API vs local deployment on cost, latency, privacy, and capability. Real cost calculations for OpenAI API vs Ollama with a Python decision framework.",160,"LLM API vs Running Locally: Cost, Latency &amp; Privacy Trade-offs (2026) | AI Learning Hub",true,false,,https://ailearnings.in/blog/api-vs-local-llm/,0,0,0.00,0.0,title_too_long | desc_too_long,0
https://ailearnings.in/blog/attention-mechanism-explained/,blog/attention-mechanism-explained.md,Attention Mechanism Explained in Simple Terms,45,Understand how attention mechanisms allow AI models to focus on relevant context.,81,Attention Mechanism Explained in Simple Terms | AI Learning Hub,true,false,,https://ailearnings.in/blog/attention-mechanism-explained/,0,0,0.00,0.0,no_year,0
https://ailearnings.in/blog/autonomous-agents/,blog/autonomous-agents.md,Autonomous AI Agents: How They Work and How to Build One (2026),63,"Learn how autonomous AI agents work and how to build one in Python. Covers loop architecture, error recovery, self-correction, and production safety considerations.",164,Autonomous AI Agents: How They Work and How to Build One (2026) | AI Learning Hub,true,false,,https://ailearnings.in/blog/autonomous-agents/,0,0,0.00,0.0,desc_too_long,0
https://ailearnings.in/blog/build-ai-agents/,blog/build-ai-agents.md,How to Build AI Agents Step-by-Step,35,Learn how developers build AI agents using LLM frameworks.,58,How to Build AI Agents Step-by-Step | AI Learning Hub,true,false,,https://ailearnings.in/blog/build-ai-agents/,0,0,0.00,0.0,no_year,0
https://ailearnings.in/blog/build-ai-app/,blog/build-ai-app.md,How to Build Your First AI Application,38,A practical guide for developers building AI-powered applications.,66,How to Build Your First AI Application | AI Learning Hub,true,false,,https://ailearnings.in/blog/build-ai-app/,0,0,0.00,0.0,no_year,0
https://ailearnings.in/blog/build-rag-app/,blog/build-rag-app.md,How to Build a RAG Application Step-by-Step,43,Learn how to build a Retrieval-Augmented Generation app using vector databases and LLMs.,88,How to Build a RAG Application Step-by-Step | AI Learning Hub,true,false,,https://ailearnings.in/blog/build-rag-app/,0,0,0.00,0.0,no_year,0
https://ailearnings.in/blog/building-ai-chatbots/,blog/building-ai-chatbots.md,Building AI Chatbots: From Simple Q&A to Contextual Conversations,65,"Step-by-step guide to building AI chatbots — multi-turn conversations, conversation memory, RAG-powered bots, streaming responses, and deploying a chat UI.",155,Building AI Chatbots: From Simple Q&amp;A to Contextual Conversations | AI Learning Hub,true,false,,https://ailearnings.in/blog/building-ai-chatbots/,0,0,0.00,0.0,no_year,0
https://ailearnings.in/blog/chain-of-thought-prompting/,blog/chain-of-thought-prompting.md,Chain-of-Thought Prompting Explained for Developers,51,"A developer's guide to chain-of-thought prompting — how it works, when to use it, and production implementations including zero-shot CoT, self-consistency, and Tree of Thought.",176,Chain-of-Thought Prompting Explained for Developers | AI Learning Hub,true,false,,https://ailearnings.in/blog/chain-of-thought-prompting/,0,0,0.00,0.0,desc_too_long | no_year,0
https://ailearnings.in/blog/context-window-rag/,blog/context-window-rag.md,Context Window Optimization in RAG Systems,42,"Learn how to optimize context window usage in RAG systems. Covers chunk selection, context compression, reranking, and prompt design to maximize LLM answer quality.",164,Context Window Optimization in RAG Systems | AI Learning Hub,true,false,,https://ailearnings.in/blog/context-window-rag/,0,0,0.00,0.0,desc_too_long | no_year,0
https://ailearnings.in/blog/deploying-ai-applications/,blog/deploying-ai-applications.md,Deploying AI Applications: From Local Dev to Production,55,"Step-by-step guide to deploying AI applications — FastAPI serving, Docker containers, cloud deployment on AWS/GCP, model caching, rate limiting, and monitoring.",160,Deploying AI Applications: From Local Dev to Production | AI Learning Hub,true,false,,https://ailearnings.in/blog/deploying-ai-applications/,0,0,0.00,0.0,desc_too_long | no_year,0
https://ailearnings.in/blog/distributed-llm-training/,blog/distributed-llm-training.md,"Distributed LLM Training: Data Parallelism, Model Sharding & ZeRO (2026)",72,"Learn distributed LLM training strategies including data parallelism, model sharding, and DeepSpeed ZeRO. Includes HuggingFace Accelerate and FSDP config examples.",163,"Distributed LLM Training: Data Parallelism, Model Sharding &amp; ZeRO (2026) | AI Learning Hub",true,false,,https://ailearnings.in/blog/distributed-llm-training/,0,0,0.00,0.0,title_too_long | desc_too_long,0
https://ailearnings.in/blog/embedding-model-comparison/,blog/embedding-model-comparison.md,Embedding Model Comparison for Vector Search,44,"Compare OpenAI, BGE, E5, Cohere, and Voyage embedding models for vector search — benchmarks, pricing, dimensions, and which to use for production RAG.",150,Embedding Model Comparison for Vector Search | AI Learning Hub,true,false,,https://ailearnings.in/blog/embedding-model-comparison/,0,0,0.00,0.0,no_year,0
https://ailearnings.in/blog/embeddings-explained/,blog/embeddings-explained.md,Embeddings Explained: How AI Understands Text,45,"Deep dive into AI embeddings — how models convert text to vectors, which models to choose, how similarity works, and how to use embeddings in production.",153,Embeddings Explained: How AI Understands Text | AI Learning Hub,true,false,,https://ailearnings.in/blog/embeddings-explained/,0,0,0.00,0.0,no_year,0
https://ailearnings.in/blog/feature-engineering-guide/,blog/feature-engineering-guide.md,Feature Engineering Guide: Transform Raw Data into Model-Ready Features,71,"Practical feature engineering techniques for ML engineers — encoding, scaling, handling missing values, creating new features, and selecting the most useful ones.",162,Feature Engineering Guide: Transform Raw Data into Model-Ready Features | AI Learning Hub,true,false,,https://ailearnings.in/blog/feature-engineering-guide/,0,0,0.00,0.0,title_too_long | desc_too_long | no_year,0
https://ailearnings.in/blog/few-shot-prompting-explained/,blog/few-shot-prompting-explained.md,Few-Shot Prompting Explained – Improve LLM Output,49,Understand how few-shot prompting works and how developers guide LLM responses.,79,Few-Shot Prompting Explained – Improve LLM Output | AI Learning Hub,true,false,,https://ailearnings.in/blog/few-shot-prompting-explained/,0,0,0.00,0.0,no_year,0
https://ailearnings.in/blog/few-shot-vs-zero-shot/,blog/few-shot-vs-zero-shot.md,Few-Shot vs Zero-Shot Prompting Explained,41,"Understand the practical differences between few-shot and zero-shot prompting — when to use each, how to write examples, and the cost vs. accuracy trade-offs.",158,Few-Shot vs Zero-Shot Prompting Explained | AI Learning Hub,true,false,,https://ailearnings.in/blog/few-shot-vs-zero-shot/,0,0,0.00,0.0,desc_too_long | no_year,0
https://ailearnings.in/blog/fine-tune-open-source-llm/,blog/fine-tune-open-source-llm.md,"Fine-Tune Open Source LLMs: Llama 3, Mistral & Phi-4 Guide (2026)",65,"Step-by-step guide to fine-tuning Llama 3, Mistral, and Phi-4 using LoRA and QLoRA. Covers dataset prep, training, adapter merging, and serving with Ollama.",156,"Fine-Tune Open Source LLMs: Llama 3, Mistral &amp; Phi-4 Guide (2026) | AI Learning Hub",true,false,,https://ailearnings.in/blog/fine-tune-open-source-llm/,0,0,0.00,0.0,desc_too_long,0
https://ailearnings.in/blog/finetuning-datasets/,blog/finetuning-datasets.md,"How to Build Fine-Tuning Datasets for LLMs: Format, Quality & Scale",67,"Learn how to build high-quality fine-tuning datasets for LLMs. Covers Alpaca format, ShareGPT, deduplication, quality filtering, and synthetic data generation.",159,"How to Build Fine-Tuning Datasets for LLMs: Format, Quality &amp; Scale | AI Learning Hub",true,false,,https://ailearnings.in/blog/finetuning-datasets/,0,0,0.00,0.0,title_too_long | desc_too_long | no_year,0
https://ailearnings.in/blog/full-vs-lora/,blog/full-vs-lora.md,Full Fine-Tuning vs LoRA: When to Use Each for LLM Training (2026),66,"Compare full fine-tuning vs LoRA for LLMs with real compute cost, memory, and quality numbers. A practical decision guide with Python training code examples.",157,Full Fine-Tuning vs LoRA: When to Use Each for LLM Training (2026) | AI Learning Hub,true,false,,https://ailearnings.in/blog/full-vs-lora/,0,0,0.00,0.0,title_too_long | desc_too_long,0
https://ailearnings.in/blog/gemini-api-tutorial/,blog/gemini-api-tutorial.md,Google Gemini API Tutorial: Build AI Apps with Python (2026),60,"Build AI apps with the Google Gemini API in Python. Covers setup, generateContent, streaming, multimodal inputs, and function calling with complete code examples.",162,Google Gemini API Tutorial: Build AI Apps with Python (2026) | AI Learning Hub,true,false,,https://ailearnings.in/blog/gemini-api-tutorial/,0,0,0.00,0.0,desc_too_long,0
https://ailearnings.in/blog/gguf-models/,blog/gguf-models.md,GGUF Models Explained: Run Quantized LLMs Locally with Ollama & llama.cpp,73,Learn what GGUF models are and how to run quantized LLMs locally with Ollama and llama.cpp. Covers Q4_K_M vs Q8_0 quant levels with Python loading examples.,156,GGUF Models Explained: Run Quantized LLMs Locally with Ollama &amp; llama.cpp | AI Learning Hub,true,false,,https://ailearnings.in/blog/gguf-models/,0,0,0.00,0.0,title_too_long | desc_too_long | no_year,0
https://ailearnings.in/blog/how-llms-work/,blog/how-llms-work.md,How Large Language Models Work (Simple Guide),45,Understand how large language models work including transformers and tokens.,76,How Large Language Models Work (Simple Guide) | AI Learning Hub,true,false,,https://ailearnings.in/blog/how-llms-work/,0,0,0.00,0.0,no_year,0
https://ailearnings.in/blog/how-to-become-ai-engineer/,blog/how-to-become-ai-engineer.md,How to Become an AI Engineer in 2026 (From Any Background),58,"A practical guide to becoming an AI engineer in 2026. Learn what skills you need, how long it takes, what to build, and how to land your first AI engineering role — from any starting point.",189,How to Become an AI Engineer in 2026 (From Any Background) | AI Learning Hub,true,false,,https://ailearnings.in/blog/how-to-become-ai-engineer/,0,0,0.00,0.0,desc_too_long,0
https://ailearnings.in/blog/huggingface-training/,blog/huggingface-training.md,Fine-Tuning LLMs with HuggingFace Transformers: Complete Guide (2026),69,"Complete guide to fine-tuning LLMs with HuggingFace Transformers. Covers Trainer, TRL SFTTrainer, PEFT, and Accelerate for multi-GPU training with Python code.",159,Fine-Tuning LLMs with HuggingFace Transformers: Complete Guide (2026) | AI Learning Hub,true,false,,https://ailearnings.in/blog/huggingface-training/,0,0,0.00,0.0,title_too_long | desc_too_long,0
https://ailearnings.in/blog/hybrid-search-rag/,blog/hybrid-search-rag.md,Hybrid Search in RAG Systems,28,Learn how hybrid search combines vector and keyword search in RAG systems to improve retrieval precision for technical and domain-specific content.,147,Hybrid Search in RAG Systems | AI Learning Hub,true,false,,https://ailearnings.in/blog/hybrid-search-rag/,0,0,0.00,0.0,no_year,0
https://ailearnings.in/blog/instruction-tuning/,blog/instruction-tuning.md,Instruction Tuning: How to Train LLMs to Follow Instructions (2026),67,"Learn how instruction tuning trains LLMs to follow natural language instructions. Covers Alpaca format, chat templates, multi-turn data, and TRL SFTTrainer with Python.",168,Instruction Tuning: How to Train LLMs to Follow Instructions (2026) | AI Learning Hub,true,false,,https://ailearnings.in/blog/instruction-tuning/,0,0,0.00,0.0,title_too_long | desc_too_long,0
https://ailearnings.in/blog/langchain-agents/,blog/langchain-agents.md,Building Agents with LangChain: Complete Tutorial,49,"Build a LangChain agent from scratch — AgentExecutor, tools, ReAct prompting. Working code for a research agent with DuckDuckGo, Wikipedia, and Python REPL.",156,Building Agents with LangChain: Complete Tutorial | AI Learning Hub,true,false,,https://ailearnings.in/blog/langchain-agents/,0,0,0.00,0.0,desc_too_long | no_year,0
https://ailearnings.in/blog/langchain-rag-tutorial/,blog/langchain-rag-tutorial.md,LangChain RAG Tutorial: Build a Document Q&A System Step by Step,64,"Build a complete RAG pipeline with LangChain — document loading, text splitting, vector store indexing, retrieval chains, and conversational Q&A with memory.",157,LangChain RAG Tutorial: Build a Document Q&amp;A System Step by Step | AI Learning Hub,true,false,,https://ailearnings.in/blog/langchain-rag-tutorial/,0,0,0.00,0.0,desc_too_long | no_year,0
https://ailearnings.in/blog/langchain-tutorial-complete/,blog/langchain-tutorial-complete.md,"LangChain Complete Tutorial: Chains, Agents, Tools, and Memory",62,"Master LangChain from scratch — LLM wrappers, prompt templates, chains, LCEL, agents with tools, memory, and building production applications.",142,"LangChain Complete Tutorial: Chains, Agents, Tools, and Memory | AI Learning Hub",true,false,,https://ailearnings.in/blog/langchain-tutorial-complete/,0,0,0.00,0.0,no_year,0
https://ailearnings.in/blog/langchain-tutorial/,blog/langchain-tutorial.md,LangChain Tutorial – Build AI Applications with LLMs,52,Learn how to use LangChain to build AI applications with LLMs.,62,LangChain Tutorial – Build AI Applications with LLMs | AI Learning Hub,true,false,,https://ailearnings.in/blog/langchain-tutorial/,0,0,0.00,0.0,no_year,0
https://ailearnings.in/blog/llm-api-cost-optimization/,blog/llm-api-cost-optimization.md,LLM API Cost Optimization: Cut Your OpenAI Bills by 60–80% (2026),65,"Cut your LLM API costs by 60–80% using prompt caching, model routing, response caching, and batch APIs. Includes real cost math and Python optimization code.",157,LLM API Cost Optimization: Cut Your OpenAI Bills by 60–80% (2026) | AI Learning Hub,true,false,,https://ailearnings.in/blog/llm-api-cost-optimization/,0,0,0.00,0.0,desc_too_long,0
https://ailearnings.in/blog/llm-api-errors/,blog/llm-api-errors.md,"LLM API Error Handling: Retries, Rate Limits & Fallbacks in Python (2026)",73,"Learn how to handle LLM API errors robustly in Python — retries, exponential backoff, rate limits, and multi-provider fallbacks for production apps.",148,"LLM API Error Handling: Retries, Rate Limits &amp; Fallbacks in Python (2026) | AI Learning Hub",true,false,,https://ailearnings.in/blog/llm-api-errors/,0,0,0.00,0.0,title_too_long,0
https://ailearnings.in/blog/llm-api-guide/,blog/llm-api-guide.md,"LLM API Guide: Choosing and Using OpenAI, Anthropic & Gemini APIs (2026)",72,"Compare and use the major LLM APIs in Python — OpenAI, Anthropic Claude, and Google Gemini — with auth, streaming, error handling, and cost management.",151,"LLM API Guide: Choosing and Using OpenAI, Anthropic &amp; Gemini APIs (2026) | AI Learning Hub",true,false,,https://ailearnings.in/blog/llm-api-guide/,0,0,0.00,0.0,title_too_long,0
https://ailearnings.in/blog/llm-benchmarks/,blog/llm-benchmarks.md,"LLM Benchmarks Explained: MMLU, HumanEval, GPQA & What They Mean (2026)",71,"Understand the key LLM benchmarks developers use to compare models — MMLU, HumanEval, GPQA, MATH — what they measure and what they miss in production.",150,"LLM Benchmarks Explained: MMLU, HumanEval, GPQA &amp; What They Mean (2026) | AI Learning Hub",true,false,,https://ailearnings.in/blog/llm-benchmarks/,0,0,0.00,0.0,title_too_long,0
https://ailearnings.in/blog/llm-evaluation/,blog/llm-evaluation.md,LLM Evaluation: How to Test and Score Language Model Quality (2026),67,"Systematic methods for evaluating LLM quality — perplexity, BLEU, ROUGE, LLM-as-judge, task-specific evals, and benchmark regression testing with Python code.",158,LLM Evaluation: How to Test and Score Language Model Quality (2026) | AI Learning Hub,true,false,,https://ailearnings.in/blog/llm-evaluation/,0,0,0.00,0.0,title_too_long | desc_too_long,0
https://ailearnings.in/blog/llm-fine-tuning-guide/,blog/llm-fine-tuning-guide.md,"LLM Fine-Tuning Guide: LoRA, QLoRA, and Full Fine-Tuning",56,"Complete guide to LLM fine-tuning: when to use LoRA vs QLoRA vs full fine-tuning, dataset prep, training infra, and evaluation with TRL and Unsloth.",148,"LLM Fine-Tuning Guide: LoRA, QLoRA, and Full Fine-Tuning | AI Learning Hub",true,false,,https://ailearnings.in/blog/llm-fine-tuning-guide/,0,0,0.00,0.0,no_year,0
https://ailearnings.in/blog/llm-function-calling/,blog/llm-function-calling.md,LLM Function Calling: Build Tool-Using AI Apps with OpenAI & Claude (2026),74,"Learn LLM function calling with OpenAI and Claude — define tool schemas, handle tool calls, chain results, and build real tool-using AI applications in Python.",159,LLM Function Calling: Build Tool-Using AI Apps with OpenAI &amp; Claude (2026) | AI Learning Hub,true,false,,https://ailearnings.in/blog/llm-function-calling/,0,0,0.00,0.0,title_too_long | desc_too_long,0
https://ailearnings.in/blog/llm-hardware-guide/,blog/llm-hardware-guide.md,LLM Hardware Guide: GPU Requirements for Running and Training LLMs (2026),73,"GPU and hardware requirements for running and training LLMs — VRAM by model size, GPU tier comparisons, Apple Silicon, quantization trade-offs, and cloud vs local.",163,LLM Hardware Guide: GPU Requirements for Running and Training LLMs (2026) | AI Learning Hub,true,false,,https://ailearnings.in/blog/llm-hardware-guide/,0,0,0.00,0.0,title_too_long | desc_too_long,0
https://ailearnings.in/blog/llm-inference-and-serving/,blog/llm-inference-and-serving.md,"LLM Inference and Serving: vLLM, Ollama, and Production Optimization",68,"Guide to LLM inference optimization — KV cache, continuous batching, quantization, vLLM serving, Ollama local deployment, and benchmarking throughput and latency.",162,"LLM Inference and Serving: vLLM, Ollama, and Production Optimization | AI Learning Hub",true,false,,https://ailearnings.in/blog/llm-inference-and-serving/,0,0,0.00,0.0,title_too_long | desc_too_long | no_year,0
https://ailearnings.in/blog/llm-quantization/,blog/llm-quantization.md,LLM Quantization: Run 70B Models on Consumer GPUs with GGUF & GPTQ,66,"Master LLM quantization — INT4, INT8, GGUF, and GPTQ formats — to run 70B models on consumer GPUs with minimal quality loss, with Python examples.",146,LLM Quantization: Run 70B Models on Consumer GPUs with GGUF &amp; GPTQ | AI Learning Hub,true,false,,https://ailearnings.in/blog/llm-quantization/,0,0,0.00,0.0,title_too_long | no_year,0
https://ailearnings.in/blog/llm-rate-limits/,blog/llm-rate-limits.md,LLM Rate Limits: Handle Token Limits and API Throttling in Python (2026),72,"Handle LLM API rate limits in production — TPM and RPM limits, exponential backoff with jitter, token bucket rate limiting, and queue-based throttling in Python.",161,LLM Rate Limits: Handle Token Limits and API Throttling in Python (2026) | AI Learning Hub,true,false,,https://ailearnings.in/blog/llm-rate-limits/,0,0,0.00,0.0,title_too_long | desc_too_long,0
https://ailearnings.in/blog/llm-streaming/,blog/llm-streaming.md,LLM Streaming: Stream Token-by-Token Responses with OpenAI & FastAPI,68,"Implement LLM streaming in Python — stream token-by-token responses with OpenAI, build a FastAPI SSE backend, and handle streaming errors and backpressure.",155,LLM Streaming: Stream Token-by-Token Responses with OpenAI &amp; FastAPI | AI Learning Hub,true,false,,https://ailearnings.in/blog/llm-streaming/,0,0,0.00,0.0,title_too_long | no_year,0
https://ailearnings.in/blog/local-ai-development/,blog/local-ai-development.md,"Local AI Development: Run LLMs Offline with Ollama, llama.cpp & LM Studio",73,"Set up a complete local AI development environment — run LLMs offline with Ollama, llama.cpp, and LM Studio, no API keys or cloud required, with Python examples.",161,"Local AI Development: Run LLMs Offline with Ollama, llama.cpp &amp; LM Studio | AI Learning Hub",true,false,,https://ailearnings.in/blog/local-ai-development/,0,0,0.00,0.0,title_too_long | desc_too_long | no_year,0
https://ailearnings.in/blog/lora-fine-tuning-explained/,blog/lora-fine-tuning-explained.md,LoRA Fine-Tuning Explained – Efficient LLM Training,51,Learn how LoRA fine-tuning works and why it is efficient.,57,LoRA Fine-Tuning Explained – Efficient LLM Training | AI Learning Hub,true,false,,https://ailearnings.in/blog/lora-fine-tuning-explained/,0,0,0.00,0.0,no_year,0
https://ailearnings.in/blog/lora-fine-tuning-tutorial/,blog/lora-fine-tuning-tutorial.md,LoRA Fine-Tuning Tutorial: Train Custom LLMs on a Single GPU (2026),67,"Step-by-step LoRA fine-tuning tutorial — train a custom LLM on a single consumer GPU using PEFT, Unsloth, and TRL, from dataset prep to merged model deployment.",160,LoRA Fine-Tuning Tutorial: Train Custom LLMs on a Single GPU (2026) | AI Learning Hub,true,false,,https://ailearnings.in/blog/lora-fine-tuning-tutorial/,0,0,0.00,0.0,title_too_long | desc_too_long,0
https://ailearnings.in/blog/machine-learning-roadmap/,blog/machine-learning-roadmap.md,Machine Learning Roadmap 2026: From Beginner to Job-Ready,57,"The complete machine learning roadmap for 2026. Learn Python, math fundamentals, classical ML, deep learning, LLMs, and MLOps — with free resources and project milestones at each stage.",185,Machine Learning Roadmap 2026: From Beginner to Job-Ready | AI Learning Hub,true,false,,https://ailearnings.in/blog/machine-learning-roadmap/,0,0,0.00,0.0,desc_too_long,0
https://ailearnings.in/blog/model-distillation/,blog/model-distillation.md,"LLM Knowledge Distillation: Create Small, Fast Models from Large Ones (2026)",76,"Learn how knowledge distillation creates small, fast LLMs from large teacher models — teacher-student training, response distillation, and Python implementation examples.",170,"LLM Knowledge Distillation: Create Small, Fast Models from Large Ones (2026) | AI Learning Hub",true,false,,https://ailearnings.in/blog/model-distillation/,0,0,0.00,0.0,title_too_long | desc_too_long,0
https://ailearnings.in/blog/model-evaluation-and-metrics/,blog/model-evaluation-and-metrics.md,Model Evaluation and Metrics: How to Measure ML Model Performance,65,"Complete guide to ML evaluation metrics — accuracy, precision, recall, F1, AUC-ROC, RMSE, confusion matrices, learning curves, and cross-validation strategies.",159,Model Evaluation and Metrics: How to Measure ML Model Performance | AI Learning Hub,true,false,,https://ailearnings.in/blog/model-evaluation-and-metrics/,0,0,0.00,0.0,desc_too_long | no_year,0
https://ailearnings.in/blog/multi-agent-systems/,blog/multi-agent-systems.md,Multi-Agent Systems Explained,29,"Multi-agent coordination patterns — supervisor-worker, peer-to-peer, hierarchical. When to use multi-agent vs single agent, with CrewAI and LangGraph examples.",159,Multi-Agent Systems Explained | AI Learning Hub,true,false,,https://ailearnings.in/blog/multi-agent-systems/,0,0,0.00,0.0,desc_too_long | no_year,0
https://ailearnings.in/blog/ollama-tutorial/,blog/ollama-tutorial.md,"Ollama Tutorial: Run Llama 3, Mistral & Gemma Locally in 10 Minutes (2026)",74,"Get started with Ollama in 10 minutes — install, pull models like Llama 3 and Mistral, integrate with Python, build a local chatbot, and use custom Modelfiles.",159,"Ollama Tutorial: Run Llama 3, Mistral &amp; Gemma Locally in 10 Minutes (2026) | AI Learning Hub",true,false,,https://ailearnings.in/blog/ollama-tutorial/,0,0,0.00,0.0,title_too_long | desc_too_long,0
https://ailearnings.in/blog/open-source-llm-comparison/,blog/open-source-llm-comparison.md,Open Source LLM Comparison: Llama 3 vs Mistral vs Phi-4 vs Gemma (2026),71,"Compare the top open source LLMs for 2026 — Llama 3, Mistral, Phi-4, and Gemma on benchmarks, hardware requirements, and real-world task performance.",149,Open Source LLM Comparison: Llama 3 vs Mistral vs Phi-4 vs Gemma (2026) | AI Learning Hub,true,false,,https://ailearnings.in/blog/open-source-llm-comparison/,0,0,0.00,0.0,title_too_long,0
https://ailearnings.in/blog/open-source-llm-guide/,blog/open-source-llm-guide.md,Open Source LLMs: Complete Developer Guide to Self-Hosted AI (2026),67,"Complete developer guide to open source LLMs — model families, local runtimes, quantization formats, hardware requirements, and deploying self-hosted AI in production.",167,Open Source LLMs: Complete Developer Guide to Self-Hosted AI (2026) | AI Learning Hub,true,false,,https://ailearnings.in/blog/open-source-llm-guide/,0,0,0.00,0.0,title_too_long | desc_too_long,0
https://ailearnings.in/blog/open-vs-closed-llm/,blog/open-vs-closed-llm.md,Open Source vs Closed LLMs: Which Should You Use in Production? (2026),70,"Practical guide to choosing between open source and closed LLMs for production — cost, capability, privacy, fine-tuning control, and vendor lock-in trade-offs.",159,Open Source vs Closed LLMs: Which Should You Use in Production? (2026) | AI Learning Hub,true,false,,https://ailearnings.in/blog/open-vs-closed-llm/,0,0,0.00,0.0,title_too_long | desc_too_long,0
https://ailearnings.in/blog/openai-api-tutorial/,blog/openai-api-tutorial.md,OpenAI API Tutorial for Developers (2026),41,"Complete OpenAI API tutorial — setup, chat completions, streaming, function calling, embeddings, vision, token counting, error handling, and retry logic for 2026.",162,OpenAI API Tutorial for Developers (2026) | AI Learning Hub,true,false,,https://ailearnings.in/blog/openai-api-tutorial/,0,0,0.00,0.0,desc_too_long,0
https://ailearnings.in/blog/openai-langchain/,blog/openai-langchain.md,OpenAI + LangChain: Build Production AI Apps with GPT-4o (2026),63,"Build production AI apps with OpenAI GPT-4o and LangChain — LCEL chains, memory, RAG pipelines, and tool-using agents with real Python examples.",144,OpenAI + LangChain: Build Production AI Apps with GPT-4o (2026) | AI Learning Hub,true,false,,https://ailearnings.in/blog/openai-langchain/,0,0,0.00,0.0,,0
https://ailearnings.in/blog/openai-python-client-guide/,blog/openai-python-client-guide.md,"OpenAI Python Client Guide – Chat, Embeddings, Tools",52,Learn how to use the OpenAI Python client to build AI apps.,59,"OpenAI Python Client Guide – Chat, Embeddings, Tools | AI Learning Hub",true,false,,https://ailearnings.in/blog/openai-python-client-guide/,0,0,0.00,0.0,no_year,0
https://ailearnings.in/blog/production-rag/,blog/production-rag.md,Production RAG System Design,28,"Design and deploy production RAG systems that handle real traffic. Covers architecture, caching, monitoring, scaling, and reliability patterns for RAG in production.",165,Production RAG System Design | AI Learning Hub,true,false,,https://ailearnings.in/blog/production-rag/,0,0,0.00,0.0,desc_too_long | no_year,0
https://ailearnings.in/blog/prompt-engineering-best-practices/,blog/prompt-engineering-best-practices.md,Prompt Engineering Best Practices for Large Language Models,59,"Production-tested prompt engineering best practices for LLMs — covering reliability, cost, structured output, evaluation, and prompt lifecycle management.",154,Prompt Engineering Best Practices for Large Language Models | AI Learning Hub,true,false,,https://ailearnings.in/blog/prompt-engineering-best-practices/,0,0,0.00,0.0,no_year,0
https://ailearnings.in/blog/prompt-engineering-examples/,blog/prompt-engineering-examples.md,Prompt Engineering Examples for Real AI Applications,52,"Practical prompt engineering examples for production AI use cases — classification, extraction, summarization, code review, RAG, and agent workflows.",149,Prompt Engineering Examples for Real AI Applications | AI Learning Hub,true,false,,https://ailearnings.in/blog/prompt-engineering-examples/,0,0,0.00,0.0,no_year,0
https://ailearnings.in/blog/prompt-engineering-mistakes/,blog/prompt-engineering-mistakes.md,Common Prompt Engineering Mistakes Developers Make,50,"The most common prompt engineering mistakes developers make in production — and how to fix them with concrete, actionable techniques.",133,Common Prompt Engineering Mistakes Developers Make | AI Learning Hub,true,false,,https://ailearnings.in/blog/prompt-engineering-mistakes/,0,0,0.00,0.0,no_year,0
https://ailearnings.in/blog/prompt-injection/,blog/prompt-injection.md,Prompt Injection Attacks and How to Prevent Them,48,"Understand prompt injection attacks — how they work, real-world examples, and practical defenses for production LLM applications.",129,Prompt Injection Attacks and How to Prevent Them | AI Learning Hub,true,false,,https://ailearnings.in/blog/prompt-injection/,0,0,0.00,0.0,no_year,0
https://ailearnings.in/blog/prompt-templates/,blog/prompt-templates.md,Prompt Templates for AI Applications,36,"Learn how to build reusable, maintainable prompt templates for production AI applications — covering parameterization, versioning, and testing patterns.",152,Prompt Templates for AI Applications | AI Learning Hub,true,false,,https://ailearnings.in/blog/prompt-templates/,0,0,0.00,0.0,no_year,0
https://ailearnings.in/blog/python-for-machine-learning/,blog/python-for-machine-learning.md,"Python for Machine Learning: NumPy, Pandas, and Scikit-learn Essentials",71,"The Python toolkit every ML engineer needs — NumPy arrays, pandas DataFrames, data visualization with matplotlib, and scikit-learn's core API.",142,"Python for Machine Learning: NumPy, Pandas, and Scikit-learn Essentials | AI Learning Hub",true,false,,https://ailearnings.in/blog/python-for-machine-learning/,0,0,0.00,0.0,title_too_long | no_year,0
https://ailearnings.in/blog/qlora-explained/,blog/qlora-explained.md,QLoRA Explained: Efficient LLM Fine-Tuning on Consumer Hardware,63,"QLoRA combines 4-bit NF4 quantization with LoRA adapters to fine-tune 13B+ LLMs on a single GPU. Complete guide with BitsAndBytes, PEFT, and TRL code.",150,QLoRA Explained: Efficient LLM Fine-Tuning on Consumer Hardware | AI Learning Hub,true,false,,https://ailearnings.in/blog/qlora-explained/,0,0,0.00,0.0,no_year,0
https://ailearnings.in/blog/rag-architecture-guide/,blog/rag-architecture-guide.md,RAG Architecture Guide for AI Developers,40,"A complete guide to retrieval augmented generation architecture — how RAG systems work, when to use them, and how to build them for production.",143,RAG Architecture Guide for AI Developers | AI Learning Hub,true,false,,https://ailearnings.in/blog/rag-architecture-guide/,0,0,0.00,0.0,no_year,0
https://ailearnings.in/blog/rag-chatbot/,blog/rag-chatbot.md,Build a RAG Chatbot with Python and Vector Databases,52,"Build a RAG chatbot with Python, LangChain, and ChromaDB. Add conversation memory, source citations, and streaming — with production-ready code examples.",153,Build a RAG Chatbot with Python and Vector Databases | AI Learning Hub,true,false,,https://ailearnings.in/blog/rag-chatbot/,0,0,0.00,0.0,no_year,0
https://ailearnings.in/blog/rag-chunking-strategies/,blog/rag-chunking-strategies.md,Chunking Strategies for RAG Pipelines,37,"Learn the best chunking strategies for RAG pipelines. Compare fixed-size, semantic, and recursive chunking with Python code examples and practical tuning guidance.",163,Chunking Strategies for RAG Pipelines | AI Learning Hub,true,false,,https://ailearnings.in/blog/rag-chunking-strategies/,0,0,0.00,0.0,desc_too_long | no_year,0
https://ailearnings.in/blog/rag-explained/,blog/rag-explained.md,RAG Explained – How Retrieval-Augmented Generation Works,56,Learn how Retrieval-Augmented Generation works and how developers build RAG systems.,84,RAG Explained – How Retrieval-Augmented Generation Works | AI Learning Hub,true,false,,https://ailearnings.in/blog/rag-explained/,0,0,0.00,0.0,no_year,0
https://ailearnings.in/blog/rag-system-architecture/,blog/rag-system-architecture.md,RAG System Architecture: Design Patterns for Production Retrieval-Augmented Generation,86,"Architecture guide for production RAG systems — naive RAG vs advanced RAG, indexing pipelines, hybrid search, reranking, guardrails, and performance optimization.",162,RAG System Architecture: Design Patterns for Production Retrieval-Augmented Generation | AI Learning Hub,true,false,,https://ailearnings.in/blog/rag-system-architecture/,0,0,0.00,0.0,title_too_long | desc_too_long | no_year,0
https://ailearnings.in/blog/rag-tutorial-step-by-step/,blog/rag-tutorial-step-by-step.md,RAG Tutorial 2026: Build a Retrieval-Augmented Generation Pipeline from Scratch,79,"Step-by-step RAG tutorial for developers in 2026. Build a complete Retrieval-Augmented Generation pipeline — document loading, chunking, vector embeddings, semantic search, and LLM generation with LangChain and ChromaDB.",220,RAG Tutorial 2026: Build a Retrieval-Augmented Generation Pipeline from Scratch | AI Learning Hub,true,false,,https://ailearnings.in/blog/rag-tutorial-step-by-step/,0,0,0.00,0.0,title_too_long | desc_too_long,0
https://ailearnings.in/blog/rag-tutorial/,blog/rag-tutorial.md,RAG Tutorial: Build Retrieval-Augmented Generation Systems (2026),65,"Step-by-step RAG tutorial for developers. Build a complete retrieval-augmented generation system using LangChain, OpenAI, and ChromaDB with runnable Python code.",161,RAG Tutorial: Build Retrieval-Augmented Generation Systems (2026) | AI Learning Hub,true,false,,https://ailearnings.in/blog/rag-tutorial/,0,0,0.00,0.0,desc_too_long,0
https://ailearnings.in/blog/rlhf-guide/,blog/rlhf-guide.md,RLHF Explained: How Reinforcement Learning from Human Feedback Works (2026),75,"Understand RLHF — the SFT to reward model to PPO pipeline, DPO as a simpler alternative, TRL DPOTrainer code, and practical challenges of reward hacking.",153,RLHF Explained: How Reinforcement Learning from Human Feedback Works (2026) | AI Learning Hub,true,false,,https://ailearnings.in/blog/rlhf-guide/,0,0,0.00,0.0,title_too_long,0
https://ailearnings.in/blog/role-prompting/,blog/role-prompting.md,Role Prompting Explained for LLMs,33,"Learn how role prompting shapes LLM outputs — when persona assignment improves results, how to write effective role prompts, and the trade-offs to know.",152,Role Prompting Explained for LLMs | AI Learning Hub,true,false,,https://ailearnings.in/blog/role-prompting/,0,0,0.00,0.0,no_year,0
https://ailearnings.in/blog/run-llms-locally/,blog/run-llms-locally.md,How to Run LLMs Locally Using Ollama,36,Learn how to run large language models locally using Ollama.,60,How to Run LLMs Locally Using Ollama | AI Learning Hub,true,false,,https://ailearnings.in/blog/run-llms-locally/,0,0,0.00,0.0,no_year,0
https://ailearnings.in/blog/semantic-search-vector/,blog/semantic-search-vector.md,Semantic Search with Vector Databases,37,"Build production semantic search with vector databases — hybrid BM25 + vector search, re-ranking, metadata filtering, and real Python examples with ChromaDB.",157,Semantic Search with Vector Databases | AI Learning Hub,true,false,,https://ailearnings.in/blog/semantic-search-vector/,0,0,0.00,0.0,desc_too_long | no_year,0
https://ailearnings.in/blog/synthetic-data-llm/,blog/synthetic-data-llm.md,Synthetic Data for LLM Fine-Tuning: Generate Training Data with GPT-4o,70,"Generate high-quality synthetic training data for LLM fine-tuning using GPT-4o — self-instruct, Evol-Instruct, quality filtering, and a complete dataset generation pipeline.",173,Synthetic Data for LLM Fine-Tuning: Generate Training Data with GPT-4o | AI Learning Hub,true,false,,https://ailearnings.in/blog/synthetic-data-llm/,0,0,0.00,0.0,title_too_long | desc_too_long | no_year,0
https://ailearnings.in/blog/system-prompts-guide/,blog/system-prompts-guide.md,System Prompts: How to Control LLM Behavior,43,"Learn how to write effective system prompts that control LLM tone, persona, output format, and safety constraints across production AI applications.",148,System Prompts: How to Control LLM Behavior | AI Learning Hub,true,false,,https://ailearnings.in/blog/system-prompts-guide/,0,0,0.00,0.0,no_year,0
https://ailearnings.in/blog/tool-use-and-function-calling/,blog/tool-use-and-function-calling.md,Tool Use and Function Calling in LLMs: Practical Patterns and Best Practices,76,"Complete guide to LLM function calling — defining tools, parallel tool calls, error handling, designing reliable tool schemas, and building agentic pipelines.",158,Tool Use and Function Calling in LLMs: Practical Patterns and Best Practices | AI Learning Hub,true,false,,https://ailearnings.in/blog/tool-use-and-function-calling/,0,0,0.00,0.0,title_too_long | desc_too_long | no_year,0
https://ailearnings.in/blog/transformer-architecture-explained/,blog/transformer-architecture-explained.md,Transformer Architecture Explained for Developers,49,Learn how transformer models power modern AI systems.,53,Transformer Architecture Explained for Developers | AI Learning Hub,true,false,,https://ailearnings.in/blog/transformer-architecture-explained/,0,0,0.00,0.0,no_year,0
https://ailearnings.in/blog/vector-database-comparison/,blog/vector-database-comparison.md,Vector Databases Explained: Chroma vs Pinecone vs FAISS (2026),62,"Hands-on comparison of Chroma, Pinecone, FAISS, Weaviate, and pgvector — performance, pricing, and when to choose each for AI applications.",139,Vector Databases Explained: Chroma vs Pinecone vs FAISS (2026) | AI Learning Hub,true,false,,https://ailearnings.in/blog/vector-database-comparison/,0,0,0.00,0.0,,0
https://ailearnings.in/blog/vector-database-explained/,blog/vector-database-explained.md,"Vector Databases Explained – FAISS, Pinecone, Weaviate",54,Learn how vector databases power semantic search and AI retrieval systems.,74,"Vector Databases Explained – FAISS, Pinecone, Weaviate | AI Learning Hub",true,false,,https://ailearnings.in/blog/vector-database-explained/,0,0,0.00,0.0,no_year,0
https://ailearnings.in/blog/vector-database-guide/,blog/vector-database-guide.md,Vector Databases Guide for AI Applications,42,"Complete guide to vector databases for AI apps — embeddings, similarity search, HNSW indexing, and how to pick the right vector DB for production.",146,Vector Databases Guide for AI Applications | AI Learning Hub,true,false,,https://ailearnings.in/blog/vector-database-guide/,0,0,0.00,0.0,no_year,0
https://ailearnings.in/blog/vector-database-scaling/,blog/vector-database-scaling.md,Scaling Vector Databases in Production,38,"How to scale vector databases for production — sharding, replication, query optimization, caching, and architecture patterns for high-throughput AI apps.",153,Scaling Vector Databases in Production | AI Learning Hub,true,false,,https://ailearnings.in/blog/vector-database-scaling/,0,0,0.00,0.0,no_year,0
https://ailearnings.in/blog/vector-indexing/,blog/vector-indexing.md,Vector Indexing Techniques Explained,36,"Vector indexing from flat to HNSW, IVF, and PQ — how each technique works, when to use it, and Python examples with FAISS and ChromaDB.",135,Vector Indexing Techniques Explained | AI Learning Hub,true,false,,https://ailearnings.in/blog/vector-indexing/,0,0,0.00,0.0,no_year,0
https://ailearnings.in/blog/vector-recommendation-systems/,blog/vector-recommendation-systems.md,Building Recommendation Systems with Vector Search,50,"Build production recommendation systems using vector search — item embeddings, collaborative filtering with vectors, two-tower models, and real Python examples.",160,Building Recommendation Systems with Vector Search | AI Learning Hub,true,false,,https://ailearnings.in/blog/vector-recommendation-systems/,0,0,0.00,0.0,desc_too_long | no_year,0
https://ailearnings.in/blog/vector-search-explained/,blog/vector-search-explained.md,Vector Search Explained for AI Developers,41,"How vector search works under the hood — embeddings, distance metrics, ANN algorithms, and building a production semantic search system step by step.",149,Vector Search Explained for AI Developers | AI Learning Hub,true,false,,https://ailearnings.in/blog/vector-search-explained/,0,0,0.00,0.0,no_year,0
https://ailearnings.in/blog/vector-vs-keyword-search/,blog/vector-vs-keyword-search.md,Vector Search vs Keyword Search in RAG,38,"Compare vector search vs keyword search for RAG systems. Understand when semantic search beats BM25, when it fails, and how to choose the right retrieval strategy.",163,Vector Search vs Keyword Search in RAG | AI Learning Hub,true,false,,https://ailearnings.in/blog/vector-vs-keyword-search/,0,0,0.00,0.0,desc_too_long | no_year,0
https://ailearnings.in/blog/vector-vs-relational-db/,blog/vector-vs-relational-db.md,Vector Database vs Traditional Database,39,"Vector database vs relational database — when to use each, how they differ architecturally, and practical guidance on hybrid approaches for AI applications.",156,Vector Database vs Traditional Database | AI Learning Hub,true,false,,https://ailearnings.in/blog/vector-vs-relational-db/,0,0,0.00,0.0,desc_too_long | no_year,0
https://ailearnings.in/blog/roadmap-guides/ai-agent-evaluation/,blog/roadmap-guides/ai-agent-evaluation.md,"AI Agent Evaluation: Testing, Benchmarking, and Safety for Agentic Systems",74,"Learn how to rigorously evaluate AI agents — building test suites, measuring task completion rates, detecting failures, red-teaming, and implementing safety guardrails for production deployments.",195,"AI Agent Evaluation: Testing, Benchmarking, and Safety for Agentic Systems | AI Learning Hub",true,false,,https://ailearnings.in/blog/roadmap-guides/ai-agent-evaluation/,0,0,0.00,0.0,title_too_long | desc_too_long | no_year,0
https://ailearnings.in/blog/roadmap-guides/ai-foundations-for-developers/,blog/roadmap-guides/ai-foundations-for-developers.md,AI Foundations for Developers: Core Concepts You Must Know,58,"A developer-focused introduction to AI fundamentals: what AI, ML, and deep learning actually are, how they differ, and the mental models you need before writing your first AI application.",187,AI Foundations for Developers: Core Concepts You Must Know | AI Learning Hub,true,false,,https://ailearnings.in/blog/roadmap-guides/ai-foundations-for-developers/,0,0,0.00,0.0,desc_too_long | no_year,0
https://ailearnings.in/blog/roadmap-guides/building-ai-agents-guide/,blog/roadmap-guides/building-ai-agents-guide.md,"Building AI Agents: ReAct, Tool Use, and Agentic Workflows",58,"A practical guide to building AI agents that can reason and act — covering the ReAct pattern, tool definition, agent loops, memory strategies, and multi-step task execution with OpenAI function calling.",202,"Building AI Agents: ReAct, Tool Use, and Agentic Workflows | AI Learning Hub",true,false,,https://ailearnings.in/blog/roadmap-guides/building-ai-agents-guide/,0,0,0.00,0.0,desc_too_long | no_year,0
https://ailearnings.in/blog/roadmap-guides/how-llms-work/,blog/roadmap-guides/how-llms-work.md,How LLMs Work: From Pretraining to ChatGPT — A Developer's Guide,64,"A technical deep dive into how large language models actually work — tokenization, pretraining, RLHF, inference, and the architectural decisions that define modern LLMs like GPT-4 and Claude.",191,How LLMs Work: From Pretraining to ChatGPT — A Developer's Guide | AI Learning Hub,true,false,,https://ailearnings.in/blog/roadmap-guides/how-llms-work/,0,0,0.00,0.0,desc_too_long | no_year,0
https://ailearnings.in/blog/roadmap-guides/linear-algebra-for-ai/,blog/roadmap-guides/linear-algebra-for-ai.md,Linear Algebra for AI Developers: The Concepts That Actually Matter,67,"A practical guide to the linear algebra used in AI and machine learning — vectors, matrices, dot products, and matrix multiplication explained with Python code and real AI use cases.",182,Linear Algebra for AI Developers: The Concepts That Actually Matter | AI Learning Hub,true,false,,https://ailearnings.in/blog/roadmap-guides/linear-algebra-for-ai/,0,0,0.00,0.0,title_too_long | desc_too_long | no_year,0
https://ailearnings.in/blog/roadmap-guides/ml-project-workflow/,blog/roadmap-guides/ml-project-workflow.md,ML Project Workflow: End-to-End Machine Learning in Practice,60,"A practical guide to the full machine learning project lifecycle — problem framing, data collection, feature engineering, model selection, evaluation, and deployment — with Python code at every step.",199,ML Project Workflow: End-to-End Machine Learning in Practice | AI Learning Hub,true,false,,https://ailearnings.in/blog/roadmap-guides/ml-project-workflow/,0,0,0.00,0.0,desc_too_long | no_year,0
https://ailearnings.in/blog/roadmap-guides/neural-networks-from-scratch/,blog/roadmap-guides/neural-networks-from-scratch.md,Neural Networks from Scratch: Build One in Pure Python,54,"Build a neural network from scratch using only NumPy to understand how forward passes, backpropagation, and gradient descent actually work. No frameworks, just the math made concrete.",183,Neural Networks from Scratch: Build One in Pure Python | AI Learning Hub,true,false,,https://ailearnings.in/blog/roadmap-guides/neural-networks-from-scratch/,0,0,0.00,0.0,desc_too_long | no_year,0
https://ailearnings.in/blog/roadmap-guides/production-rag-best-practices/,blog/roadmap-guides/production-rag-best-practices.md,"Production RAG Best Practices: Chunking, Reranking, and Evaluation",66,"Go beyond basic RAG with advanced techniques: recursive chunking strategies, metadata filtering, reranking retrieved documents, evaluating RAG pipelines, and building production-ready retrieval systems.",202,"Production RAG Best Practices: Chunking, Reranking, and Evaluation | AI Learning Hub",true,false,,https://ailearnings.in/blog/roadmap-guides/production-rag-best-practices/,0,0,0.00,0.0,title_too_long | desc_too_long | no_year,0
https://ailearnings.in/blog/roadmap-guides/pytorch-for-ai-developers/,blog/roadmap-guides/pytorch-for-ai-developers.md,PyTorch for AI Developers: Practical Guide from Tensors to Training,67,"A hands-on PyTorch guide covering tensors, autograd, model building with nn.Module, training loops, GPU acceleration, and loading pre-trained models from HuggingFace.",166,PyTorch for AI Developers: Practical Guide from Tensors to Training | AI Learning Hub,true,false,,https://ailearnings.in/blog/roadmap-guides/pytorch-for-ai-developers/,0,0,0.00,0.0,title_too_long | desc_too_long | no_year,0
https://ailearnings.in/blog/roadmap-guides/semantic-search-explained/,blog/roadmap-guides/semantic-search-explained.md,Semantic Search Explained: How Embeddings Enable Meaning-Based Search,69,Understand how semantic search works — from text embeddings and vector spaces to HNSW indexes and approximate nearest neighbor search. Build a production-quality semantic search engine in Python.,195,Semantic Search Explained: How Embeddings Enable Meaning-Based Search | AI Learning Hub,true,false,,https://ailearnings.in/blog/roadmap-guides/semantic-search-explained/,0,0,0.00,0.0,title_too_long | desc_too_long | no_year,0
https://ailearnings.in/blog/roadmap-guides/working-with-local-llms/,blog/roadmap-guides/working-with-local-llms.md,Working with Local LLMs: Run AI Models Privately with Ollama and llama.cpp,74,"Run powerful LLMs completely offline on your own hardware. Set up Ollama, run Llama 3, Mistral, and Code Llama locally, build Python integrations, and understand when to use local vs API models.",194,Working with Local LLMs: Run AI Models Privately with Ollama and llama.cpp | AI Learning Hub,true,false,,https://ailearnings.in/blog/roadmap-guides/working-with-local-llms/,0,0,0.00,0.0,title_too_long | desc_too_long | no_year,0
https://ailearnings.in/projects/ai-chatbot-python/,projects/ai-chatbot-python.md,Build an AI Chatbot in Python: Complete Beginner Project,56,"Build a multi-turn AI chatbot in Python using the OpenAI API. Includes conversation memory, streaming, a CLI interface, and a simple Gradio web UI.",147,Build an AI Chatbot in Python: Complete Beginner Project | AI Learning Hub,true,false,,https://ailearnings.in/projects/ai-chatbot-python/,0,0,0.00,0.0,no_year,0
https://ailearnings.in/projects/ai-code-explainer/,projects/ai-code-explainer.md,Build an AI Code Explainer: Understand Any Code Instantly,57,"Build a tool that explains code in plain English, identifies bugs, suggests improvements, and generates documentation — for any programming language.",149,Build an AI Code Explainer: Understand Any Code Instantly | AI Learning Hub,true,false,,https://ailearnings.in/projects/ai-code-explainer/,0,0,0.00,0.0,no_year,0
https://ailearnings.in/projects/ai-code-review-assistant/,projects/ai-code-review-assistant.md,Build an AI Code Review Assistant: Automated PR Reviews,55,"Build a tool that reviews Git diffs and pull requests, identifies bugs, security issues, style violations, and suggests improvements — integrated with GitHub Actions.",166,Build an AI Code Review Assistant: Automated PR Reviews | AI Learning Hub,true,false,,https://ailearnings.in/projects/ai-code-review-assistant/,0,0,0.00,0.0,desc_too_long | no_year,0
https://ailearnings.in/projects/ai-data-analyst/,projects/ai-data-analyst.md,Build an AI Data Analyst: Chat with Your CSV Data,49,"Build a natural language data analysis tool that lets you ask questions about CSV datasets. Generates and executes Python pandas code, produces charts, and explains insights automatically.",188,Build an AI Data Analyst: Chat with Your CSV Data | AI Learning Hub,true,false,,https://ailearnings.in/projects/ai-data-analyst/,0,0,0.00,0.0,desc_too_long | no_year,0
https://ailearnings.in/projects/ai-email-writer/,projects/ai-email-writer.md,Build an AI Email Writer: Draft Professional Emails in Seconds,62,"Build an AI tool that drafts professional emails from bullet points or brief descriptions. Supports multiple tones, templates, and a Streamlit web UI.",150,Build an AI Email Writer: Draft Professional Emails in Seconds | AI Learning Hub,true,false,,https://ailearnings.in/projects/ai-email-writer/,0,0,0.00,0.0,no_year,0
https://ailearnings.in/projects/ai-meeting-summarizer/,projects/ai-meeting-summarizer.md,Build an AI Meeting Summarizer: Transcribe and Summarize Meetings Automatically,79,"Build a tool that transcribes audio recordings with Whisper, summarizes with GPT-4o-mini, extracts action items, decisions, and attendee contributions into a structured meeting report.",184,Build an AI Meeting Summarizer: Transcribe and Summarize Meetings Automatically | AI Learning Hub,true,false,,https://ailearnings.in/projects/ai-meeting-summarizer/,0,0,0.00,0.0,title_too_long | desc_too_long | no_year,0
https://ailearnings.in/projects/ai-personal-knowledge-base/,projects/ai-personal-knowledge-base.md,Build an AI Personal Knowledge Base: Your Second Brain with AI,62,"Build a personal knowledge management system that ingests notes, web clips, and PDFs, auto-links related content, and lets you have conversations with your accumulated knowledge.",178,Build an AI Personal Knowledge Base: Your Second Brain with AI | AI Learning Hub,true,false,,https://ailearnings.in/projects/ai-personal-knowledge-base/,0,0,0.00,0.0,desc_too_long | no_year,0
https://ailearnings.in/projects/ai-quiz-generator/,projects/ai-quiz-generator.md,Build an AI Quiz Generator from Any Text or Document,52,"Build an AI tool that generates multiple-choice quizzes from any text, PDF, or topic. Export to JSON, run interactively, and track scores.",138,Build an AI Quiz Generator from Any Text or Document | AI Learning Hub,true,false,,https://ailearnings.in/projects/ai-quiz-generator/,0,0,0.00,0.0,no_year,0
https://ailearnings.in/projects/ai-research-assistant/,projects/ai-research-assistant.md,Build an AI Research Assistant: Summarize Papers and Extract Insights,69,"Build an AI tool that reads academic papers and web pages, extracts key findings, compares multiple sources, and generates research summaries with citations.",157,Build an AI Research Assistant: Summarize Papers and Extract Insights | AI Learning Hub,true,false,,https://ailearnings.in/projects/ai-research-assistant/,0,0,0.00,0.0,title_too_long | desc_too_long | no_year,0
https://ailearnings.in/projects/ai-sales-agent/,projects/ai-sales-agent.md,Build an AI Sales Agent: Automated Lead Qualification and Outreach,66,"Build an AI sales agent that qualifies leads from a CRM, personalizes outreach emails based on company research, tracks responses, and generates pipeline reports.",162,Build an AI Sales Agent: Automated Lead Qualification and Outreach | AI Learning Hub,true,false,,https://ailearnings.in/projects/ai-sales-agent/,0,0,0.00,0.0,title_too_long | desc_too_long | no_year,0
https://ailearnings.in/projects/ai-security-analyzer/,projects/ai-security-analyzer.md,Build an AI Security Analyzer: Automated Vulnerability Detection,64,"Build a static analysis tool that scans codebases for security vulnerabilities using GPT-4o-mini, detecting OWASP Top 10 issues, secrets in code, and insecure patterns with severity scoring.",190,Build an AI Security Analyzer: Automated Vulnerability Detection | AI Learning Hub,true,false,,https://ailearnings.in/projects/ai-security-analyzer/,0,0,0.00,0.0,desc_too_long | no_year,0
https://ailearnings.in/projects/ai-study-planner/,projects/ai-study-planner.md,Build an AI Study Planner: Personalized Learning Schedules with Spaced Repetition,81,"Build an AI study planner that creates personalized schedules, generates practice questions using spaced repetition, tracks progress, and adapts the plan based on performance.",175,Build an AI Study Planner: Personalized Learning Schedules with Spaced Repetition | AI Learning Hub,true,false,,https://ailearnings.in/projects/ai-study-planner/,0,0,0.00,0.0,title_too_long | desc_too_long | no_year,0
https://ailearnings.in/projects/ai-support-bot/,projects/ai-support-bot.md,Build an AI Customer Support Bot with Knowledge Base,52,"Build a production-ready customer support chatbot that answers questions from your documentation, escalates complex issues, maintains conversation history, and handles tone appropriately.",187,Build an AI Customer Support Bot with Knowledge Base | AI Learning Hub,true,false,,https://ailearnings.in/projects/ai-support-bot/,0,0,0.00,0.0,desc_too_long | no_year,0
https://ailearnings.in/projects/build-chatgpt-clone/,projects/build-chatgpt-clone.md,Build a ChatGPT Clone from Scratch: Full-Stack AI Chat App,58,"Build a full-stack conversational AI app with streaming responses, persistent conversation history, and a React chat UI — using FastAPI and the OpenAI API.",155,Build a ChatGPT Clone from Scratch: Full-Stack AI Chat App | AI Learning Hub,true,false,,https://ailearnings.in/projects/build-chatgpt-clone/,0,0,0.00,0.0,no_year,0
https://ailearnings.in/projects/document-summarizer/,projects/document-summarizer.md,"Build an AI Document Summarizer: PDF, Text, and URL Summarization",65,"Build an AI-powered document summarizer that handles PDFs, plain text, and web URLs. Supports map-reduce summarization for long documents and outputs key bullet points.",168,"Build an AI Document Summarizer: PDF, Text, and URL Summarization | AI Learning Hub",true,false,,https://ailearnings.in/projects/document-summarizer/,0,0,0.00,0.0,desc_too_long | no_year,0
https://ailearnings.in/projects/multi-agent-research-system/,projects/multi-agent-research-system.md,Build a Multi-Agent Research System: Parallel AI Agents for Deep Research,73,"Build a multi-agent system where a Planner agent breaks research questions into sub-tasks, Researcher agents gather information in parallel, and a Synthesizer agent produces a comprehensive report.",197,Build a Multi-Agent Research System: Parallel AI Agents for Deep Research | AI Learning Hub,true,false,,https://ailearnings.in/projects/multi-agent-research-system/,0,0,0.00,0.0,title_too_long | desc_too_long | no_year,0
https://ailearnings.in/projects/rag-document-assistant/,projects/rag-document-assistant.md,Build a RAG Document Assistant: Chat with Your Documents,56,"Build a Retrieval-Augmented Generation system that lets you upload documents and ask questions. Uses embeddings, vector search, and GPT-4o-mini for accurate, grounded answers.",175,Build a RAG Document Assistant: Chat with Your Documents | AI Learning Hub,true,false,,https://ailearnings.in/projects/rag-document-assistant/,0,0,0.00,0.0,desc_too_long | no_year,0
https://ailearnings.in/projects/sentiment-analyzer/,projects/sentiment-analyzer.md,Build an AI Sentiment Analyzer: Classify Text Sentiment and Emotions,68,"Build a sentiment analysis tool using GPT-4o-mini that classifies text as positive, negative, or neutral, detects emotions, and processes batches of reviews or tweets.",167,Build an AI Sentiment Analyzer: Classify Text Sentiment and Emotions | AI Learning Hub,true,false,,https://ailearnings.in/projects/sentiment-analyzer/,0,0,0.00,0.0,title_too_long | desc_too_long | no_year,0
https://ailearnings.in/projects/voice-ai-assistant/,projects/voice-ai-assistant.md,Build a Voice AI Assistant: Speech-to-Speech Conversational AI,62,"Build a voice-enabled AI assistant using Whisper for speech recognition, GPT-4o-mini for responses, and TTS for natural voice output. Supports wake word detection and conversation memory.",187,Build a Voice AI Assistant: Speech-to-Speech Conversational AI | AI Learning Hub,true,false,,https://ailearnings.in/projects/voice-ai-assistant/,0,0,0.00,0.0,desc_too_long | no_year,0
https://ailearnings.in/paths/ai-product-engineer/,paths/ai-product-engineer.md,AI Product Engineer Learning Path,33,"Bridge product thinking and AI engineering — the AI Product Engineer path covers building user-facing AI features, designing great AI UX, and shipping AI products end to end.",174,AI Product Engineer Learning Path | AI Learning Hub,true,false,"index, follow",https://ailearnings.in/paths/ai-product-engineer/,0,0,0.00,0.0,desc_too_long | no_year,0
https://ailearnings.in/paths/ai-research-engineer/,paths/ai-research-engineer.md,AI Research Engineer Learning Path,34,"Go deep on the science of AI — the AI Research Engineer path covers mathematical foundations, novel architectures, paper implementation, and contributing to the frontier of AI research.",185,AI Research Engineer Learning Path | AI Learning Hub,true,false,"index, follow",https://ailearnings.in/paths/ai-research-engineer/,0,0,0.00,0.0,desc_too_long | no_year,0
https://ailearnings.in/paths/llm-engineer/,paths/llm-engineer.md,LLM Engineer Learning Path,26,"Master large language models from the inside out — the LLM Engineer path covers transformer architecture, fine-tuning, inference optimization, and deploying custom models at scale.",180,LLM Engineer Learning Path | AI Learning Hub,true,false,"index, follow",https://ailearnings.in/paths/llm-engineer/,0,0,0.00,0.0,desc_too_long | no_year,0
https://ailearnings.in/paths/ml-engineer/,paths/ml-engineer.md,ML Engineer Learning Path,25,"From data to deployed models — the ML Engineer path covers the full machine learning lifecycle: data pipelines, model training, evaluation, MLOps, and production serving.",170,ML Engineer Learning Path | AI Learning Hub,true,false,"index, follow",https://ailearnings.in/paths/ml-engineer/,0,0,0.00,0.0,desc_too_long | no_year,0